Total, Max500, Watt, 110, 105, 102, 100, 99, 98, 97, 96, 95, 94, 93, 92, 91, 90, 88, 86, 84, 82, 80, 75, 75
5:50, 1:27.50, 522, 1:19.55, 1:23.33, 1:25.78, 1:27.50, 1:28.38, 1:29.29, 1:30.21, 1:31.15, 1:32.11, 1:33.09, 1:34.09, 1:35.11, 1:36.15, 1:37.22, 1:39.43, 1:41.74, 1:44.17, 1:46.71, 1:49.38, 1:56.67, 1:56.67
5:51, 1:27.75, 517, 1:19.77, 1:23.57, 1:26.03, 1:27.75, 1:28.64, 1:29.54, 1:30.46, 1:31.41, 1:32.37, 1:33.35, 1:34.35, 1:35.38, 1:36.43, 1:37.50, 1:39.72, 1:42.03, 1:44.46, 1:47.01, 1:49.69, 1:57.00, 1:57.00
5:52, 1:28.00, 513, 1:20.00, 1:23.81, 1:26.27, 1:28.00, 1:28.89, 1:29.80, 1:30.72, 1:31.67, 1:32.63, 1:33.62, 1:34.62, 1:35.65, 1:36.70, 1:37.78, 1:40.00, 1:42.33, 1:44.76, 1:47.32, 1:50.00, 1:57.33, 1:57.33
5:53, 1:28.25, 509, 1:20.23, 1:24.05, 1:26.52, 1:28.25, 1:29.14, 1:30.05, 1:30.98, 1:31.93, 1:32.89, 1:33.88, 1:34.89, 1:35.92, 1:36.98, 1:38.06, 1:40.28, 1:42.62, 1:45.06, 1:47.62, 1:50.31, 1:57.67, 1:57.67
5:54, 1:28.50, 504, 1:20.45, 1:24.29, 1:26.76, 1:28.50, 1:29.39, 1:30.31, 1:31.24, 1:32.19, 1:33.16, 1:34.15, 1:35.16, 1:36.20, 1:37.25, 1:38.33, 1:40.57, 1:42.91, 1:45.36, 1:47.93, 1:50.62, 1:58.00, 1:58.00
5:55, 1:28.75, 500, 1:20.68, 1:24.52, 1:27.01, 1:28.75, 1:29.65, 1:30.56, 1:31.49, 1:32.45, 1:33.42, 1:34.41, 1:35.43, 1:36.47, 1:37.53, 1:38.61, 1:40.85, 1:43.20, 1:45.65, 1:48.23, 1:50.94, 1:58.33, 1:58.33
5:56, 1:29.00, 496, 1:20.91, 1:24.76, 1:27.25, 1:29.00, 1:29.90, 1:30.82, 1:31.75, 1:32.71, 1:33.68, 1:34.68, 1:35.70, 1:36.74, 1:37.80, 1:38.89, 1:41.14, 1:43.49, 1:45.95, 1:48.54, 1:51.25, 1:58.67, 1:58.67
5:57, 1:29.25, 492, 1:21.14, 1:25.00, 1:27.50, 1:29.25, 1:30.15, 1:31.07, 1:32.01, 1:32.97, 1:33.95, 1:34.95, 1:35.97, 1:37.01, 1:38.08, 1:39.17, 1:41.42, 1:43.78, 1:46.25, 1:48.84, 1:51.56, 1:59.00, 1:59.00
5:58, 1:29.50, 488, 1:21.36, 1:25.24, 1:27.75, 1:29.50, 1:30.40, 1:31.33, 1:32.27, 1:33.23, 1:34.21, 1:35.21, 1:36.24, 1:37.28, 1:38.35, 1:39.44, 1:41.70, 1:44.07, 1:46.55, 1:49.15, 1:51.88, 1:59.33, 1:59.33
5:59, 1:29.75, 484, 1:21.59, 1:25.48, 1:27.99, 1:29.75, 1:30.66, 1:31.58, 1:32.53, 1:33.49, 1:34.47, 1:35.48, 1:36.51, 1:37.55, 1:38.63, 1:39.72, 1:41.99, 1:44.36, 1:46.85, 1:49.45, 1:52.19, 1:59.67, 1:59.67
6:0, 1:30.00, 480, 1:21.82, 1:25.71, 1:28.24, 1:30.00, 1:30.91, 1:31.84, 1:32.78, 1:33.75, 1:34.74, 1:35.74, 1:36.77, 1:37.83, 1:38.90, 1:40.00, 1:42.27, 1:44.65, 1:47.14, 1:49.76, 1:52.50, 2:0.00, 2:0.00
6:1, 1:30.25, 476, 1:22.05, 1:25.95, 1:28.48, 1:30.25, 1:31.16, 1:32.09, 1:33.04, 1:34.01, 1:35.00, 1:36.01, 1:37.04, 1:38.10, 1:39.18, 1:40.28, 1:42.56, 1:44.94, 1:47.44, 1:50.06, 1:52.81, 2:0.33, 2:0.33
6:2, 1:30.50, 472, 1:22.27, 1:26.19, 1:28.73, 1:30.50, 1:31.41, 1:32.35, 1:33.30, 1:34.27, 1:35.26, 1:36.28, 1:37.31, 1:38.37, 1:39.45, 1:40.56, 1:42.84, 1:45.23, 1:47.74, 1:50.37, 1:53.12, 2:0.67, 2:0.67
6:3, 1:30.75, 468, 1:22.50, 1:26.43, 1:28.97, 1:30.75, 1:31.67, 1:32.60, 1:33.56, 1:34.53, 1:35.53, 1:36.54, 1:37.58, 1:38.64, 1:39.73, 1:40.83, 1:43.12, 1:45.52, 1:48.04, 1:50.67, 1:53.44, 2:1.00, 2:1.00
6:4, 1:31.00, 464, 1:22.73, 1:26.67, 1:29.22, 1:31.00, 1:31.92, 1:32.86, 1:33.81, 1:34.79, 1:35.79, 1:36.81, 1:37.85, 1:38.91, 1:40.00, 1:41.11, 1:43.41, 1:45.81, 1:48.33, 1:50.98, 1:53.75, 2:1.33, 2:1.33
6:5, 1:31.25, 460, 1:22.95, 1:26.90, 1:29.46, 1:31.25, 1:32.17, 1:33.11, 1:34.07, 1:35.05, 1:36.05, 1:37.07, 1:38.12, 1:39.18, 1:40.27, 1:41.39, 1:43.69, 1:46.10, 1:48.63, 1:51.28, 1:54.06, 2:1.67, 2:1.67
6:6, 1:31.50, 456, 1:23.18, 1:27.14, 1:29.71, 1:31.50, 1:32.42, 1:33.37, 1:34.33, 1:35.31, 1:36.32, 1:37.34, 1:38.39, 1:39.46, 1:40.55, 1:41.67, 1:43.98, 1:46.40, 1:48.93, 1:51.59, 1:54.38, 2:2.00, 2:2.00
6:7, 1:31.75, 453, 1:23.41, 1:27.38, 1:29.95, 1:31.75, 1:32.68, 1:33.62, 1:34.59, 1:35.57, 1:36.58, 1:37.61, 1:38.66, 1:39.73, 1:40.82, 1:41.94, 1:44.26, 1:46.69, 1:49.23, 1:51.89, 1:54.69, 2:2.33, 2:2.33
6:8, 1:32.00, 449, 1:23.64, 1:27.62, 1:30.20, 1:32.00, 1:32.93, 1:33.88, 1:34.85, 1:35.83, 1:36.84, 1:37.87, 1:38.92, 1:40.00, 1:41.10, 1:42.22, 1:44.55, 1:46.98, 1:49.52, 1:52.20, 1:55.00, 2:2.67, 2:2.67
6:9, 1:32.25, 445, 1:23.86, 1:27.86, 1:30.44, 1:32.25, 1:33.18, 1:34.13, 1:35.10, 1:36.09, 1:37.11, 1:38.14, 1:39.19, 1:40.27, 1:41.37, 1:42.50, 1:44.83, 1:47.27, 1:49.82, 1:52.50, 1:55.31, 2:3.00, 2:3.00
6:10, 1:32.50, 442, 1:24.09, 1:28.10, 1:30.69, 1:32.50, 1:33.43, 1:34.39, 1:35.36, 1:36.35, 1:37.37, 1:38.40, 1:39.46, 1:40.54, 1:41.65, 1:42.78, 1:45.11, 1:47.56, 1:50.12, 1:52.80, 1:55.62, 2:3.33, 2:3.33
6:11, 1:32.75, 438, 1:24.32, 1:28.33, 1:30.93, 1:32.75, 1:33.69, 1:34.64, 1:35.62, 1:36.61, 1:37.63, 1:38.67, 1:39.73, 1:40.82, 1:41.92, 1:43.06, 1:45.40, 1:47.85, 1:50.42, 1:53.11, 1:55.94, 2:3.67, 2:3.67
6:12, 1:33.00, 435, 1:24.55, 1:28.57, 1:31.18, 1:33.00, 1:33.94, 1:34.90, 1:35.88, 1:36.88, 1:37.89, 1:38.94, 1:40.00, 1:41.09, 1:42.20, 1:43.33, 1:45.68, 1:48.14, 1:50.71, 1:53.41, 1:56.25, 2:4.00, 2:4.00
6:13, 1:33.25, 431, 1:24.77, 1:28.81, 1:31.42, 1:33.25, 1:34.19, 1:35.15, 1:36.13, 1:37.14, 1:38.16, 1:39.20, 1:40.27, 1:41.36, 1:42.47, 1:43.61, 1:45.97, 1:48.43, 1:51.01, 1:53.72, 1:56.56, 2:4.33, 2:4.33
6:14, 1:33.50, 428, 1:25.00, 1:29.05, 1:31.67, 1:33.50, 1:34.44, 1:35.41, 1:36.39, 1:37.40, 1:38.42, 1:39.47, 1:40.54, 1:41.63, 1:42.75, 1:43.89, 1:46.25, 1:48.72, 1:51.31, 1:54.02, 1:56.88, 2:4.67, 2:4.67
6:15, 1:33.75, 424, 1:25.23, 1:29.29, 1:31.91, 1:33.75, 1:34.70, 1:35.66, 1:36.65, 1:37.66, 1:38.68, 1:39.73, 1:40.81, 1:41.90, 1:43.02, 1:44.17, 1:46.53, 1:49.01, 1:51.61, 1:54.33, 1:57.19, 2:5.00, 2:5.00
6:16, 1:34.00, 421, 1:25.45, 1:29.52, 1:32.16, 1:34.00, 1:34.95, 1:35.92, 1:36.91, 1:37.92, 1:38.95, 1:40.00, 1:41.08, 1:42.17, 1:43.30, 1:44.44, 1:46.82, 1:49.30, 1:51.90, 1:54.63, 1:57.50, 2:5.33, 2:5.33
6:17, 1:34.25, 418, 1:25.68, 1:29.76, 1:32.40, 1:34.25, 1:35.20, 1:36.17, 1:37.16, 1:38.18, 1:39.21, 1:40.27, 1:41.34, 1:42.45, 1:43.57, 1:44.72, 1:47.10, 1:49.59, 1:52.20, 1:54.94, 1:57.81, 2:5.67, 2:5.67
6:18, 1:34.50, 414, 1:25.91, 1:30.00, 1:32.65, 1:34.50, 1:35.45, 1:36.43, 1:37.42, 1:38.44, 1:39.47, 1:40.53, 1:41.61, 1:42.72, 1:43.85, 1:45.00, 1:47.39, 1:49.88, 1:52.50, 1:55.24, 1:58.12, 2:6.00, 2:6.00
6:19, 1:34.75, 411, 1:26.14, 1:30.24, 1:32.89, 1:34.75, 1:35.71, 1:36.68, 1:37.68, 1:38.70, 1:39.74, 1:40.80, 1:41.88, 1:42.99, 1:44.12, 1:45.28, 1:47.67, 1:50.17, 1:52.80, 1:55.55, 1:58.44, 2:6.33, 2:6.33
6:20, 1:35.00, 408, 1:26.36, 1:30.48, 1:33.14, 1:35.00, 1:35.96, 1:36.94, 1:37.94, 1:38.96, 1:40.00, 1:41.06, 1:42.15, 1:43.26, 1:44.40, 1:45.56, 1:47.95, 1:50.47, 1:53.10, 1:55.85, 1:58.75, 2:6.67, 2:6.67
6:21, 1:35.25, 405, 1:26.59, 1:30.71, 1:33.38, 1:35.25, 1:36.21, 1:37.19, 1:38.20, 1:39.22, 1:40.26, 1:41.33, 1:42.42, 1:43.53, 1:44.67, 1:45.83, 1:48.24, 1:50.76, 1:53.39, 1:56.16, 1:59.06, 2:7.00, 2:7.00
6:22, 1:35.50, 401, 1:26.82, 1:30.95, 1:33.63, 1:35.50, 1:36.46, 1:37.45, 1:38.45, 1:39.48, 1:40.53, 1:41.60, 1:42.69, 1:43.80, 1:44.95, 1:46.11, 1:48.52, 1:51.05, 1:53.69, 1:56.46, 1:59.38, 2:7.33, 2:7.33
6:23, 1:35.75, 398, 1:27.05, 1:31.19, 1:33.87, 1:35.75, 1:36.72, 1:37.70, 1:38.71, 1:39.74, 1:40.79, 1:41.86, 1:42.96, 1:44.08, 1:45.22, 1:46.39, 1:48.81, 1:51.34, 1:53.99, 1:56.77, 1:59.69, 2:7.67, 2:7.67
6:24, 1:36.00, 395, 1:27.27, 1:31.43, 1:34.12, 1:36.00, 1:36.97, 1:37.96, 1:38.97, 1:40.00, 1:41.05, 1:42.13, 1:43.23, 1:44.35, 1:45.49, 1:46.67, 1:49.09, 1:51.63, 1:54.29, 1:57.07, 2:0.00, 2:8.00, 2:8.00
6:25, 1:36.25, 392, 1:27.50, 1:31.67, 1:34.36, 1:36.25, 1:37.22, 1:38.21, 1:39.23, 1:40.26, 1:41.32, 1:42.39, 1:43.49, 1:44.62, 1:45.77, 1:46.94, 1:49.38, 1:51.92, 1:54.58, 1:57.38, 2:0.31, 2:8.33, 2:8.33
6:26, 1:36.50, 389, 1:27.73, 1:31.90, 1:34.61, 1:36.50, 1:37.47, 1:38.47, 1:39.48, 1:40.52, 1:41.58, 1:42.66, 1:43.76, 1:44.89, 1:46.04, 1:47.22, 1:49.66, 1:52.21, 1:54.88, 1:57.68, 2:0.62, 2:8.67, 2:8.67
6:27, 1:36.75, 386, 1:27.95, 1:32.14, 1:34.85, 1:36.75, 1:37.73, 1:38.72, 1:39.74, 1:40.78, 1:41.84, 1:42.93, 1:44.03, 1:45.16, 1:46.32, 1:47.50, 1:49.94, 1:52.50, 1:55.18, 1:57.99, 2:0.94, 2:9.00, 2:9.00
6:28, 1:37.00, 383, 1:28.18, 1:32.38, 1:35.10, 1:37.00, 1:37.98, 1:38.98, 1:40.00, 1:41.04, 1:42.11, 1:43.19, 1:44.30, 1:45.43, 1:46.59, 1:47.78, 1:50.23, 1:52.79, 1:55.48, 1:58.29, 2:1.25, 2:9.33, 2:9.33
6:29, 1:37.25, 380, 1:28.41, 1:32.62, 1:35.34, 1:37.25, 1:38.23, 1:39.23, 1:40.26, 1:41.30, 1:42.37, 1:43.46, 1:44.57, 1:45.71, 1:46.87, 1:48.06, 1:50.51, 1:53.08, 1:55.77, 1:58.60, 2:1.56, 2:9.67, 2:9.67
6:30, 1:37.50, 377, 1:28.64, 1:32.86, 1:35.59, 1:37.50, 1:38.48, 1:39.49, 1:40.52, 1:41.56, 1:42.63, 1:43.72, 1:44.84, 1:45.98, 1:47.14, 1:48.33, 1:50.80, 1:53.37, 1:56.07, 1:58.90, 2:1.88, 2:10.00, 2:10.00
6:31, 1:37.75, 374, 1:28.86, 1:33.10, 1:35.83, 1:37.75, 1:38.74, 1:39.74, 1:40.77, 1:41.82, 1:42.89, 1:43.99, 1:45.11, 1:46.25, 1:47.42, 1:48.61, 1:51.08, 1:53.66, 1:56.37, 1:59.21, 2:2.19, 2:10.33, 2:10.33
6:32, 1:38.00, 371, 1:29.09, 1:33.33, 1:36.08, 1:38.00, 1:38.99, 1:40.00, 1:41.03, 1:42.08, 1:43.16, 1:44.26, 1:45.38, 1:46.52, 1:47.69, 1:48.89, 1:51.36, 1:53.95, 1:56.67, 1:59.51, 2:2.50, 2:10.67, 2:10.67
6:33, 1:38.25, 369, 1:29.32, 1:33.57, 1:36.32, 1:38.25, 1:39.24, 1:40.26, 1:41.29, 1:42.34, 1:43.42, 1:44.52, 1:45.65, 1:46.79, 1:47.97, 1:49.17, 1:51.65, 1:54.24, 1:56.96, 1:59.82, 2:2.81, 2:11.00, 2:11.00
6:34, 1:38.50, 366, 1:29.55, 1:33.81, 1:36.57, 1:38.50, 1:39.49, 1:40.51, 1:41.55, 1:42.60, 1:43.68, 1:44.79, 1:45.91, 1:47.07, 1:48.24, 1:49.44, 1:51.93, 1:54.53, 1:57.26, 2:0.12, 2:3.12, 2:11.33, 2:11.33
6:35, 1:38.75, 363, 1:29.77, 1:34.05, 1:36.81, 1:38.75, 1:39.75, 1:40.77, 1:41.80, 1:42.86, 1:43.95, 1:45.05, 1:46.18, 1:47.34, 1:48.52, 1:49.72, 1:52.22, 1:54.83, 1:57.56, 2:0.43, 2:3.44, 2:11.67, 2:11.67
6:36, 1:39.00, 360, 1:30.00, 1:34.29, 1:37.06, 1:39.00, 1:40.00, 1:41.02, 1:42.06, 1:43.12, 1:44.21, 1:45.32, 1:46.45, 1:47.61, 1:48.79, 1:50.00, 1:52.50, 1:55.12, 1:57.86, 2:0.73, 2:3.75, 2:12.00, 2:12.00
6:37, 1:39.25, 357, 1:30.23, 1:34.52, 1:37.30, 1:39.25, 1:40.25, 1:41.28, 1:42.32, 1:43.39, 1:44.47, 1:45.59, 1:46.72, 1:47.88, 1:49.07, 1:50.28, 1:52.78, 1:55.41, 1:58.15, 2:1.04, 2:4.06, 2:12.33, 2:12.33
6:38, 1:39.50, 355, 1:30.45, 1:34.76, 1:37.55, 1:39.50, 1:40.51, 1:41.53, 1:42.58, 1:43.65, 1:44.74, 1:45.85, 1:46.99, 1:48.15, 1:49.34, 1:50.56, 1:53.07, 1:55.70, 1:58.45, 2:1.34, 2:4.38, 2:12.67, 2:12.67
6:39, 1:39.75, 352, 1:30.68, 1:35.00, 1:37.79, 1:39.75, 1:40.76, 1:41.79, 1:42.84, 1:43.91, 1:45.00, 1:46.12, 1:47.26, 1:48.42, 1:49.62, 1:50.83, 1:53.35, 1:55.99, 1:58.75, 2:1.65, 2:4.69, 2:13.00, 2:13.00
6:40, 1:40.00, 349, 1:30.91, 1:35.24, 1:38.04, 1:40.00, 1:41.01, 1:42.04, 1:43.09, 1:44.17, 1:45.26, 1:46.38, 1:47.53, 1:48.70, 1:49.89, 1:51.11, 1:53.64, 1:56.28, 1:59.05, 2:1.95, 2:5.00, 2:13.33, 2:13.33
6:41, 1:40.25, 347, 1:31.14, 1:35.48, 1:38.28, 1:40.25, 1:41.26, 1:42.30, 1:43.35, 1:44.43, 1:45.53, 1:46.65, 1:47.80, 1:48.97, 1:50.16, 1:51.39, 1:53.92, 1:56.57, 1:59.35, 2:2.26, 2:5.31, 2:13.67, 2:13.67
6:42, 1:40.50, 344, 1:31.36, 1:35.71, 1:38.53, 1:40.50, 1:41.52, 1:42.55, 1:43.61, 1:44.69, 1:45.79, 1:46.91, 1:48.06, 1:49.24, 1:50.44, 1:51.67, 1:54.20, 1:56.86, 1:59.64, 2:2.56, 2:5.62, 2:14.00, 2:14.00
6:43, 1:40.75, 342, 1:31.59, 1:35.95, 1:38.77, 1:40.75, 1:41.77, 1:42.81, 1:43.87, 1:44.95, 1:46.05, 1:47.18, 1:48.33, 1:49.51, 1:50.71, 1:51.94, 1:54.49, 1:57.15, 1:59.94, 2:2.87, 2:5.94, 2:14.33, 2:14.33
6:44, 1:41.00, 339, 1:31.82, 1:36.19, 1:39.02, 1:41.00, 1:42.02, 1:43.06, 1:44.12, 1:45.21, 1:46.32, 1:47.45, 1:48.60, 1:49.78, 1:50.99, 1:52.22, 1:54.77, 1:57.44, 2:0.24, 2:3.17, 2:6.25, 2:14.67, 2:14.67
6:45, 1:41.25, 337, 1:32.05, 1:36.43, 1:39.26, 1:41.25, 1:42.27, 1:43.32, 1:44.38, 1:45.47, 1:46.58, 1:47.71, 1:48.87, 1:50.05, 1:51.26, 1:52.50, 1:55.06, 1:57.73, 2:0.54, 2:3.48, 2:6.56, 2:15.00, 2:15.00
6:46, 1:41.50, 334, 1:32.27, 1:36.67, 1:39.51, 1:41.50, 1:42.53, 1:43.57, 1:44.64, 1:45.73, 1:46.84, 1:47.98, 1:49.14, 1:50.33, 1:51.54, 1:52.78, 1:55.34, 1:58.02, 2:0.83, 2:3.78, 2:6.88, 2:15.33, 2:15.33
6:47, 1:41.75, 332, 1:32.50, 1:36.90, 1:39.75, 1:41.75, 1:42.78, 1:43.83, 1:44.90, 1:45.99, 1:47.11, 1:48.24, 1:49.41, 1:50.60, 1:51.81, 1:53.06, 1:55.62, 1:58.31, 2:1.13, 2:4.09, 2:7.19, 2:15.67, 2:15.67
6:48, 1:42.00, 329, 1:32.73, 1:37.14, 1:40.00, 1:42.00, 1:43.03, 1:44.08, 1:45.15, 1:46.25, 1:47.37, 1:48.51, 1:49.68, 1:50.87, 1:52.09, 1:53.33, 1:55.91, 1:58.60, 2:1.43, 2:4.39, 2:7.50, 2:16.00, 2:16.00
6:49, 1:42.25, 327, 1:32.95, 1:37.38, 1:40.25, 1:42.25, 1:43.28, 1:44.34, 1:45.41, 1:46.51, 1:47.63, 1:48.78, 1:49.95, 1:51.14, 1:52.36, 1:53.61, 1:56.19, 1:58.90, 2:1.73, 2:4.70, 2:7.81, 2:16.33, 2:16.33
6:50, 1:42.50, 325, 1:33.18, 1:37.62, 1:40.49, 1:42.50, 1:43.54, 1:44.59, 1:45.67, 1:46.77, 1:47.89, 1:49.04, 1:50.22, 1:51.41, 1:52.64, 1:53.89, 1:56.48, 1:59.19, 2:2.02, 2:5.00, 2:8.12, 2:16.67, 2:16.67
6:51, 1:42.75, 322, 1:33.41, 1:37.86, 1:40.74, 1:42.75, 1:43.79, 1:44.85, 1:45.93, 1:47.03, 1:48.16, 1:49.31, 1:50.48, 1:51.68, 1:52.91, 1:54.17, 1:56.76, 1:59.48, 2:2.32, 2:5.30, 2:8.44, 2:17.00, 2:17.00
6:52, 1:43.00, 320, 1:33.64, 1:38.10, 1:40.98, 1:43.00, 1:44.04, 1:45.10, 1:46.19, 1:47.29, 1:48.42, 1:49.57, 1:50.75, 1:51.96, 1:53.19, 1:54.44, 1:57.05, 1:59.77, 2:2.62, 2:5.61, 2:8.75, 2:17.33, 2:17.33
6:53, 1:43.25, 317, 1:33.86, 1:38.33, 1:41.23, 1:43.25, 1:44.29, 1:45.36, 1:46.44, 1:47.55, 1:48.68, 1:49.84, 1:51.02, 1:52.23, 1:53.46, 1:54.72, 1:57.33, 2:0.06, 2:2.92, 2:5.91, 2:9.06, 2:17.67, 2:17.67
6:54, 1:43.50, 315, 1:34.09, 1:38.57, 1:41.47, 1:43.50, 1:44.55, 1:45.61, 1:46.70, 1:47.81, 1:48.95, 1:50.11, 1:51.29, 1:52.50, 1:53.74, 1:55.00, 1:57.61, 2:0.35, 2:3.21, 2:6.22, 2:9.38, 2:18.00, 2:18.00
6:55, 1:43.75, 313, 1:34.32, 1:38.81, 1:41.72, 1:43.75, 1:44.80, 1:45.87, 1:46.96, 1:48.07, 1:49.21, 1:50.37, 1:51.56, 1:52.77, 1:54.01, 1:55.28, 1:57.90, 2:0.64, 2:3.51, 2:6.52, 2:9.69, 2:18.33, 2:18.33
6:56, 1:44.00, 311, 1:34.55, 1:39.05, 1:41.96, 1:44.00, 1:45.05, 1:46.12, 1:47.22, 1:48.33, 1:49.47, 1:50.64, 1:51.83, 1:53.04, 1:54.29, 1:55.56, 1:58.18, 2:0.93, 2:3.81, 2:6.83, 2:10.00, 2:18.67, 2:18.67
6:57, 1:44.25, 308, 1:34.77, 1:39.29, 1:42.21, 1:44.25, 1:45.30, 1:46.38, 1:47.47, 1:48.59, 1:49.74, 1:50.90, 1:52.10, 1:53.32, 1:54.56, 1:55.83, 1:58.47, 2:1.22, 2:4.11, 2:7.13, 2:10.31, 2:19.00, 2:19.00
6:58, 1:44.50, 306, 1:35.00, 1:39.52, 1:42.45, 1:44.50, 1:45.56, 1:46.63, 1:47.73, 1:48.85, 1:50.00, 1:51.17, 1:52.37, 1:53.59, 1:54.84, 1:56.11, 1:58.75, 2:1.51, 2:4.40, 2:7.44, 2:10.62, 2:19.33, 2:19.33
6:59, 1:44.75, 304, 1:35.23, 1:39.76, 1:42.70, 1:44.75, 1:45.81, 1:46.89, 1:47.99, 1:49.11, 1:50.26, 1:51.44, 1:52.63, 1:53.86, 1:55.11, 1:56.39, 1:59.03, 2:1.80, 2:4.70, 2:7.74, 2:10.94, 2:19.67, 2:19.67
7:0, 1:45.00, 302, 1:35.45, 1:40.00, 1:42.94, 1:45.00, 1:46.06, 1:47.14, 1:48.25, 1:49.38, 1:50.53, 1:51.70, 1:52.90, 1:54.13, 1:55.38, 1:56.67, 1:59.32, 2:2.09, 2:5.00, 2:8.05, 2:11.25, 2:20.00, 2:20.00
7:1, 1:45.25, 300, 1:35.68, 1:40.24, 1:43.19, 1:45.25, 1:46.31, 1:47.40, 1:48.51, 1:49.64, 1:50.79, 1:51.97, 1:53.17, 1:54.40, 1:55.66, 1:56.94, 1:59.60, 2:2.38, 2:5.30, 2:8.35, 2:11.56, 2:20.33, 2:20.33
7:2, 1:45.50, 298, 1:35.91, 1:40.48, 1:43.43, 1:45.50, 1:46.57, 1:47.65, 1:48.76, 1:49.90, 1:51.05, 1:52.23, 1:53.44, 1:54.67, 1:55.93, 1:57.22, 1:59.89, 2:2.67, 2:5.60, 2:8.66, 2:11.88, 2:20.67, 2:20.67
7:3, 1:45.75, 295, 1:36.14, 1:40.71, 1:43.68, 1:45.75, 1:46.82, 1:47.91, 1:49.02, 1:50.16, 1:51.32, 1:52.50, 1:53.71, 1:54.95, 1:56.21, 1:57.50, 2:0.17, 2:2.97, 2:5.89, 2:8.96, 2:12.19, 2:21.00, 2:21.00
7:4, 1:46.00, 293, 1:36.36, 1:40.95, 1:43.92, 1:46.00, 1:47.07, 1:48.16, 1:49.28, 1:50.42, 1:51.58, 1:52.77, 1:53.98, 1:55.22, 1:56.48, 1:57.78, 2:0.45, 2:3.26, 2:6.19, 2:9.27, 2:12.50, 2:21.33, 2:21.33
7:5, 1:46.25, 291, 1:36.59, 1:41.19, 1:44.17, 1:46.25, 1:47.32, 1:48.42, 1:49.54, 1:50.68, 1:51.84, 1:53.03, 1:54.25, 1:55.49, 1:56.76, 1:58.06, 2:0.74, 2:3.55, 2:6.49, 2:9.57, 2:12.81, 2:21.67, 2:21.67
7:6, 1:46.50, 289, 1:36.82, 1:41.43, 1:44.41, 1:46.50, 1:47.58, 1:48.67, 1:49.79, 1:50.94, 1:52.11, 1:53.30, 1:54.52, 1:55.76, 1:57.03, 1:58.33, 2:1.02, 2:3.84, 2:6.79, 2:9.88, 2:13.12, 2:22.00, 2:22.00
7:7, 1:46.75, 287, 1:37.05, 1:41.67, 1:44.66, 1:46.75, 1:47.83, 1:48.93, 1:50.05, 1:51.20, 1:52.37, 1:53.56, 1:54.78, 1:56.03, 1:57.31, 1:58.61, 2:1.31, 2:4.13, 2:7.08, 2:10.18, 2:13.44, 2:22.33, 2:22.33
7:8, 1:47.00, 285, 1:37.27, 1:41.90, 1:44.90, 1:47.00, 1:48.08, 1:49.18, 1:50.31, 1:51.46, 1:52.63, 1:53.83, 1:55.05, 1:56.30, 1:57.58, 1:58.89, 2:1.59, 2:4.42, 2:7.38, 2:10.49, 2:13.75, 2:22.67, 2:22.67
7:9, 1:47.25, 283, 1:37.50, 1:42.14, 1:45.15, 1:47.25, 1:48.33, 1:49.44, 1:50.57, 1:51.72, 1:52.89, 1:54.10, 1:55.32, 1:56.58, 1:57.86, 1:59.17, 2:1.88, 2:4.71, 2:7.68, 2:10.79, 2:14.06, 2:23.00, 2:23.00
7:10, 1:47.50, 281, 1:37.73, 1:42.38, 1:45.39, 1:47.50, 1:48.59, 1:49.69, 1:50.82, 1:51.98, 1:53.16, 1:54.36, 1:55.59, 1:56.85, 1:58.13, 1:59.44, 2:2.16, 2:5.00, 2:7.98, 2:11.10, 2:14.38, 2:23.33, 2:23.33
7:11, 1:47.75, 279, 1:37.95, 1:42.62, 1:45.64, 1:47.75, 1:48.84, 1:49.95, 1:51.08, 1:52.24, 1:53.42, 1:54.63, 1:55.86, 1:57.12, 1:58.41, 1:59.72, 2:2.44, 2:5.29, 2:8.27, 2:11.40, 2:14.69, 2:23.67, 2:23.67
7:12, 1:48.00, 277, 1:38.18, 1:42.86, 1:45.88, 1:48.00, 1:49.09, 1:50.20, 1:51.34, 1:52.50, 1:53.68, 1:54.89, 1:56.13, 1:57.39, 1:58.68, 2:0.00, 2:2.73, 2:5.58, 2:8.57, 2:11.71, 2:15.00, 2:24.00, 2:24.00
7:13, 1:48.25, 275, 1:38.41, 1:43.10, 1:46.13, 1:48.25, 1:49.34, 1:50.46, 1:51.60, 1:52.76, 1:53.95, 1:55.16, 1:56.40, 1:57.66, 1:58.96, 2:0.28, 2:3.01, 2:5.87, 2:8.87, 2:12.01, 2:15.31, 2:24.33, 2:24.33
7:14, 1:48.50, 274, 1:38.64, 1:43.33, 1:46.37, 1:48.50, 1:49.60, 1:50.71, 1:51.86, 1:53.02, 1:54.21, 1:55.43, 1:56.67, 1:57.93, 1:59.23, 2:0.56, 2:3.30, 2:6.16, 2:9.17, 2:12.32, 2:15.62, 2:24.67, 2:24.67
7:15, 1:48.75, 272, 1:38.86, 1:43.57, 1:46.62, 1:48.75, 1:49.85, 1:50.97, 1:52.11, 1:53.28, 1:54.47, 1:55.69, 1:56.94, 1:58.21, 1:59.51, 2:0.83, 2:3.58, 2:6.45, 2:9.46, 2:12.62, 2:15.94, 2:25.00, 2:25.00
7:16, 1:49.00, 270, 1:39.09, 1:43.81, 1:46.86, 1:49.00, 1:50.10, 1:51.22, 1:52.37, 1:53.54, 1:54.74, 1:55.96, 1:57.20, 1:58.48, 1:59.78, 2:1.11, 2:3.86, 2:6.74, 2:9.76, 2:12.93, 2:16.25, 2:25.33, 2:25.33
7:17, 1:49.25, 268, 1:39.32, 1:44.05, 1:47.11, 1:49.25, 1:50.35, 1:51.48, 1:52.63, 1:53.80, 1:55.00, 1:56.22, 1:57.47, 1:58.75, 2:0.05, 2:1.39, 2:4.15, 2:7.03, 2:10.06, 2:13.23, 2:16.56, 2:25.67, 2:25.67
7:18, 1:49.50, 266, 1:39.55, 1:44.29, 1:47.35, 1:49.50, 1:50.61, 1:51.73, 1:52.89, 1:54.06, 1:55.26, 1:56.49, 1:57.74, 1:59.02, 2:0.33, 2:1.67, 2:4.43, 2:7.33, 2:10.36, 2:13.54, 2:16.88, 2:26.00, 2:26.00
7:19, 1:49.75, 264, 1:39.77, 1:44.52, 1:47.60, 1:49.75, 1:50.86, 1:51.99, 1:53.14, 1:54.32, 1:55.53, 1:56.76, 1:58.01, 1:59.29, 2:0.60, 2:1.94, 2:4.72, 2:7.62, 2:10.65, 2:13.84, 2:17.19, 2:26.33, 2:26.33
7:20, 1:50.00, 262, 1:40.00, 1:44.76, 1:47.84, 1:50.00, 1:51.11, 1:52.24, 1:53.40, 1:54.58, 1:55.79, 1:57.02, 1:58.28, 1:59.57, 2:0.88, 2:2.22, 2:5.00, 2:7.91, 2:10.95, 2:14.15, 2:17.50, 2:26.67, 2:26.67
7:21, 1:50.25, 261, 1:40.23, 1:45.00, 1:48.09, 1:50.25, 1:51.36, 1:52.50, 1:53.66, 1:54.84, 1:56.05, 1:57.29, 1:58.55, 1:59.84, 2:1.15, 2:2.50, 2:5.28, 2:8.20, 2:11.25, 2:14.45, 2:17.81, 2:27.00, 2:27.00
7:22, 1:50.50, 259, 1:40.45, 1:45.24, 1:48.33, 1:50.50, 1:51.62, 1:52.76, 1:53.92, 1:55.10, 1:56.32, 1:57.55, 1:58.82, 2:0.11, 2:1.43, 2:2.78, 2:5.57, 2:8.49, 2:11.55, 2:14.76, 2:18.12, 2:27.33, 2:27.33
7:23, 1:50.75, 257, 1:40.68, 1:45.48, 1:48.58, 1:50.75, 1:51.87, 1:53.01, 1:54.18, 1:55.36, 1:56.58, 1:57.82, 1:59.09, 2:0.38, 2:1.70, 2:3.06, 2:5.85, 2:8.78, 2:11.85, 2:15.06, 2:18.44, 2:27.67, 2:27.67
7:24, 1:51.00, 255, 1:40.91, 1:45.71, 1:48.82, 1:51.00, 1:52.12, 1:53.27, 1:54.43, 1:55.62, 1:56.84, 1:58.09, 1:59.35, 2:0.65, 2:1.98, 2:3.33, 2:6.14, 2:9.07, 2:12.14, 2:15.37, 2:18.75, 2:28.00, 2:28.00
7:25, 1:51.25, 254, 1:41.14, 1:45.95, 1:49.07, 1:51.25, 1:52.37, 1:53.52, 1:54.69, 1:55.89, 1:57.11, 1:58.35, 1:59.62, 2:0.92, 2:2.25, 2:3.61, 2:6.42, 2:9.36, 2:12.44, 2:15.67, 2:19.06, 2:28.33, 2:28.33
7:26, 1:51.50, 252, 1:41.36, 1:46.19, 1:49.31, 1:51.50, 1:52.63, 1:53.78, 1:54.95, 1:56.15, 1:57.37, 1:58.62, 1:59.89, 2:1.20, 2:2.53, 2:3.89, 2:6.70, 2:9.65, 2:12.74, 2:15.98, 2:19.38, 2:28.67, 2:28.67
7:27, 1:51.75, 250, 1:41.59, 1:46.43, 1:49.56, 1:51.75, 1:52.88, 1:54.03, 1:55.21, 1:56.41, 1:57.63, 1:58.88, 2:0.16, 2:1.47, 2:2.80, 2:4.17, 2:6.99, 2:9.94, 2:13.04, 2:16.28, 2:19.69, 2:29.00, 2:29.00
7:28, 1:52.00, 249, 1:41.82, 1:46.67, 1:49.80, 1:52.00, 1:53.13, 1:54.29, 1:55.46, 1:56.67, 1:57.89, 1:59.15, 2:0.43, 2:1.74, 2:3.08, 2:4.44, 2:7.27, 2:10.23, 2:13.33, 2:16.59, 2:20.00, 2:29.33, 2:29.33
7:29, 1:52.25, 247, 1:42.05, 1:46.90, 1:50.05, 1:52.25, 1:53.38, 1:54.54, 1:55.72, 1:56.93, 1:58.16, 1:59.41, 2:0.70, 2:2.01, 2:3.35, 2:4.72, 2:7.56, 2:10.52, 2:13.63, 2:16.89, 2:20.31, 2:29.67, 2:29.67
7:30, 1:52.50, 245, 1:42.27, 1:47.14, 1:50.29, 1:52.50, 1:53.64, 1:54.80, 1:55.98, 1:57.19, 1:58.42, 1:59.68, 2:0.97, 2:2.28, 2:3.63, 2:5.00, 2:7.84, 2:10.81, 2:13.93, 2:17.20, 2:20.62, 2:30.00, 2:30.00
7:31, 1:52.75, 244, 1:42.50, 1:47.38, 1:50.54, 1:52.75, 1:53.89, 1:55.05, 1:56.24, 1:57.45, 1:58.68, 1:59.95, 2:1.24, 2:2.55, 2:3.90, 2:5.28, 2:8.12, 2:11.10, 2:14.23, 2:17.50, 2:20.94, 2:30.33, 2:30.33
7:32, 1:53.00, 242, 1:42.73, 1:47.62, 1:50.78, 1:53.00, 1:54.14, 1:55.31, 1:56.49, 1:57.71, 1:58.95, 2:0.21, 2:1.51, 2:2.83, 2:4.18, 2:5.56, 2:8.41, 2:11.40, 2:14.52, 2:17.80, 2:21.25, 2:30.67, 2:30.67
7:33, 1:53.25, 240, 1:42.95, 1:47.86, 1:51.03, 1:53.25, 1:54.39, 1:55.56, 1:56.75, 1:57.97, 1:59.21, 2:0.48, 2:1.77, 2:3.10, 2:4.45, 2:5.83, 2:8.69, 2:11.69, 2:14.82, 2:18.11, 2:21.56, 2:31.00, 2:31.00
7:34, 1:53.50, 239, 1:43.18, 1:48.10, 1:51.27, 1:53.50, 1:54.65, 1:55.82, 1:57.01, 1:58.23, 1:59.47, 2:0.74, 2:2.04, 2:3.37, 2:4.73, 2:6.11, 2:8.98, 2:11.98, 2:15.12, 2:18.41, 2:21.88, 2:31.33, 2:31.33
7:35, 1:53.75, 237, 1:43.41, 1:48.33, 1:51.52, 1:53.75, 1:54.90, 1:56.07, 1:57.27, 1:58.49, 1:59.74, 2:1.01, 2:2.31, 2:3.64, 2:5.00, 2:6.39, 2:9.26, 2:12.27, 2:15.42, 2:18.72, 2:22.19, 2:31.67, 2:31.67
7:36, 1:54.00, 236, 1:43.64, 1:48.57, 1:51.76, 1:54.00, 1:55.15, 1:56.33, 1:57.53, 1:58.75, 2:0.00, 2:1.28, 2:2.58, 2:3.91, 2:5.27, 2:6.67, 2:9.55, 2:12.56, 2:15.71, 2:19.02, 2:22.50, 2:32.00, 2:32.00
7:37, 1:54.25, 234, 1:43.86, 1:48.81, 1:52.01, 1:54.25, 1:55.40, 1:56.58, 1:57.78, 1:59.01, 2:0.26, 2:1.54, 2:2.85, 2:4.18, 2:5.55, 2:6.94, 2:9.83, 2:12.85, 2:16.01, 2:19.33, 2:22.81, 2:32.33, 2:32.33
7:38, 1:54.50, 233, 1:44.09, 1:49.05, 1:52.25, 1:54.50, 1:55.66, 1:56.84, 1:58.04, 1:59.27, 2:0.53, 2:1.81, 2:3.12, 2:4.46, 2:5.82, 2:7.22, 2:10.11, 2:13.14, 2:16.31, 2:19.63, 2:23.12, 2:32.67, 2:32.67
7:39, 1:54.75, 231, 1:44.32, 1:49.29, 1:52.50, 1:54.75, 1:55.91, 1:57.09, 1:58.30, 1:59.53, 2:0.79, 2:2.07, 2:3.39, 2:4.73, 2:6.10, 2:7.50, 2:10.40, 2:13.43, 2:16.61, 2:19.94, 2:23.44, 2:33.00, 2:33.00
7:40, 1:55.00, 230, 1:44.55, 1:49.52, 1:52.75, 1:55.00, 1:56.16, 1:57.35, 1:58.56, 1:59.79, 2:1.05, 2:2.34, 2:3.66, 2:5.00, 2:6.37, 2:7.78, 2:10.68, 2:13.72, 2:16.90, 2:20.24, 2:23.75, 2:33.33, 2:33.33
7:41, 1:55.25, 228, 1:44.77, 1:49.76, 1:52.99, 1:55.25, 1:56.41, 1:57.60, 1:58.81, 2:0.05, 2:1.32, 2:2.61, 2:3.92, 2:5.27, 2:6.65, 2:8.06, 2:10.97, 2:14.01, 2:17.20, 2:20.55, 2:24.06, 2:33.67, 2:33.67
7:42, 1:55.50, 227, 1:45.00, 1:50.00, 1:53.24, 1:55.50, 1:56.67, 1:57.86, 1:59.07, 2:0.31, 2:1.58, 2:2.87, 2:4.19, 2:5.54, 2:6.92, 2:8.33, 2:11.25, 2:14.30, 2:17.50, 2:20.85, 2:24.38, 2:34.00, 2:34.00
7:43, 1:55.75, 225, 1:45.23, 1:50.24, 1:53.48, 1:55.75, 1:56.92, 1:58.11, 1:59.33, 2:0.57, 2:1.84, 2:3.14, 2:4.46, 2:5.82, 2:7.20, 2:8.61, 2:11.53, 2:14.59, 2:17.80, 2:21.16, 2:24.69, 2:34.33, 2:34.33
7:44, 1:56.00, 224, 1:45.45, 1:50.48, 1:53.73, 1:56.00, 1:57.17, 1:58.37, 1:59.59, 2:0.83, 2:2.11, 2:3.40, 2:4.73, 2:6.09, 2:7.47, 2:8.89, 2:11.82, 2:14.88, 2:18.10, 2:21.46, 2:25.00, 2:34.67, 2:34.67
7:45, 1:56.25, 222, 1:45.68, 1:50.71, 1:53.97, 1:56.25, 1:57.42, 1:58.62, 1:59.85, 2:1.09, 2:2.37, 2:3.67, 2:5.00, 2:6.36, 2:7.75, 2:9.17, 2:12.10, 2:15.17, 2:18.39, 2:21.77, 2:25.31, 2:35.00, 2:35.00
7:46, 1:56.50, 221, 1:45.91, 1:50.95, 1:54.22, 1:56.50, 1:57.68, 1:58.88, 2:0.10, 2:1.35, 2:2.63, 2:3.94, 2:5.27, 2:6.63, 2:8.02, 2:9.44, 2:12.39, 2:15.47, 2:18.69, 2:22.07, 2:25.62, 2:35.33, 2:35.33
7:47, 1:56.75, 219, 1:46.14, 1:51.19, 1:54.46, 1:56.75, 1:57.93, 1:59.13, 2:0.36, 2:1.61, 2:2.89, 2:4.20, 2:5.54, 2:6.90, 2:8.30, 2:9.72, 2:12.67, 2:15.76, 2:18.99, 2:22.38, 2:25.94, 2:35.67, 2:35.67
7:48, 1:57.00, 218, 1:46.36, 1:51.43, 1:54.71, 1:57.00, 1:58.18, 1:59.39, 2:0.62, 2:1.88, 2:3.16, 2:4.47, 2:5.81, 2:7.17, 2:8.57, 2:10.00, 2:12.95, 2:16.05, 2:19.29, 2:22.68, 2:26.25, 2:36.00, 2:36.00
7:49, 1:57.25, 217, 1:46.59, 1:51.67, 1:54.95, 1:57.25, 1:58.43, 1:59.64, 2:0.88, 2:2.14, 2:3.42, 2:4.73, 2:6.08, 2:7.45, 2:8.85, 2:10.28, 2:13.24, 2:16.34, 2:19.58, 2:22.99, 2:26.56, 2:36.33, 2:36.33
7:50, 1:57.50, 215, 1:46.82, 1:51.90, 1:55.20, 1:57.50, 1:58.69, 1:59.90, 2:1.13, 2:2.40, 2:3.68, 2:5.00, 2:6.34, 2:7.72, 2:9.12, 2:10.56, 2:13.52, 2:16.63, 2:19.88, 2:23.29, 2:26.88, 2:36.67, 2:36.67
7:51, 1:57.75, 214, 1:47.05, 1:52.14, 1:55.44, 1:57.75, 1:58.94, 2:0.15, 2:1.39, 2:2.66, 2:3.95, 2:5.27, 2:6.61, 2:7.99, 2:9.40, 2:10.83, 2:13.81, 2:16.92, 2:20.18, 2:23.60, 2:27.19, 2:37.00, 2:37.00
7:52, 1:58.00, 213, 1:47.27, 1:52.38, 1:55.69, 1:58.00, 1:59.19, 2:0.41, 2:1.65, 2:2.92, 2:4.21, 2:5.53, 2:6.88, 2:8.26, 2:9.67, 2:11.11, 2:14.09, 2:17.21, 2:20.48, 2:23.90, 2:27.50, 2:37.33, 2:37.33
7:53, 1:58.25, 211, 1:47.50, 1:52.62, 1:55.93, 1:58.25, 1:59.44, 2:0.66, 2:1.91, 2:3.18, 2:4.47, 2:5.80, 2:7.15, 2:8.53, 2:9.95, 2:11.39, 2:14.38, 2:17.50, 2:20.77, 2:24.21, 2:27.81, 2:37.67, 2:37.67
7:54, 1:58.50, 210, 1:47.73, 1:52.86, 1:56.18, 1:58.50, 1:59.70, 2:0.92, 2:2.16, 2:3.44, 2:4.74, 2:6.06, 2:7.42, 2:8.80, 2:10.22, 2:11.67, 2:14.66, 2:17.79, 2:21.07, 2:24.51, 2:28.12, 2:38.00, 2:38.00
7:55, 1:58.75, 209, 1:47.95, 1:53.10, 1:56.42, 1:58.75, 1:59.95, 2:1.17, 2:2.42, 2:3.70, 2:5.00, 2:6.33, 2:7.69, 2:9.08, 2:10.49, 2:11.94, 2:14.94, 2:18.08, 2:21.37, 2:24.82, 2:28.44, 2:38.33, 2:38.33
7:56, 1:59.00, 207, 1:48.18, 1:53.33, 1:56.67, 1:59.00, 2:0.20, 2:1.43, 2:2.68, 2:3.96, 2:5.26, 2:6.60, 2:7.96, 2:9.35, 2:10.77, 2:12.22, 2:15.23, 2:18.37, 2:21.67, 2:25.12, 2:28.75, 2:38.67, 2:38.67
7:57, 1:59.25, 206, 1:48.41, 1:53.57, 1:56.91, 1:59.25, 2:0.45, 2:1.68, 2:2.94, 2:4.22, 2:5.53, 2:6.86, 2:8.23, 2:9.62, 2:11.04, 2:12.50, 2:15.51, 2:18.66, 2:21.96, 2:25.43, 2:29.06, 2:39.00, 2:39.00
7:58, 1:59.50, 205, 1:48.64, 1:53.81, 1:57.16, 1:59.50, 2:0.71, 2:1.94, 2:3.20, 2:4.48, 2:5.79, 2:7.13, 2:8.49, 2:9.89, 2:11.32, 2:12.78, 2:15.80, 2:18.95, 2:22.26, 2:25.73, 2:29.38, 2:39.33, 2:39.33
7:59, 1:59.75, 203, 1:48.86, 1:54.05, 1:57.40, 1:59.75, 2:0.96, 2:2.19, 2:3.45, 2:4.74, 2:6.05, 2:7.39, 2:8.76, 2:10.16, 2:11.59, 2:13.06, 2:16.08, 2:19.24, 2:22.56, 2:26.04, 2:29.69, 2:39.67, 2:39.67
8:0, 2:0.00, 202, 1:49.09, 1:54.29, 1:57.65, 2:0.00, 2:1.21, 2:2.45, 2:3.71, 2:5.00, 2:6.32, 2:7.66, 2:9.03, 2:10.43, 2:11.87, 2:13.33, 2:16.36, 2:19.53, 2:22.86, 2:26.34, 2:30.00, 2:40.00, 2:40.00
8:1, 2:0.25, 201, 1:49.32, 1:54.52, 1:57.89, 2:0.25, 2:1.46, 2:2.70, 2:3.97, 2:5.26, 2:6.58, 2:7.93, 2:9.30, 2:10.71, 2:12.14, 2:13.61, 2:16.65, 2:19.83, 2:23.15, 2:26.65, 2:30.31, 2:40.33, 2:40.33
8:2, 2:0.50, 200, 1:49.55, 1:54.76, 1:58.14, 2:0.50, 2:1.72, 2:2.96, 2:4.23, 2:5.52, 2:6.84, 2:8.19, 2:9.57, 2:10.98, 2:12.42, 2:13.89, 2:16.93, 2:20.12, 2:23.45, 2:26.95, 2:30.62, 2:40.67, 2:40.67
8:3, 2:0.75, 198, 1:49.77, 1:55.00, 1:58.38, 2:0.75, 2:1.97, 2:3.21, 2:4.48, 2:5.78, 2:7.11, 2:8.46, 2:9.84, 2:11.25, 2:12.69, 2:14.17, 2:17.22, 2:20.41, 2:23.75, 2:27.26, 2:30.94, 2:41.00, 2:41.00
8:4, 2:1.00, 197, 1:50.00, 1:55.24, 1:58.63, 2:1.00, 2:2.22, 2:3.47, 2:4.74, 2:6.04, 2:7.37, 2:8.72, 2:10.11, 2:11.52, 2:12.97, 2:14.44, 2:17.50, 2:20.70, 2:24.05, 2:27.56, 2:31.25, 2:41.33, 2:41.33
8:5, 2:1.25, 196, 1:50.23, 1:55.48, 1:58.87, 2:1.25, 2:2.47, 2:3.72, 2:5.00, 2:6.30, 2:7.63, 2:8.99, 2:10.38, 2:11.79, 2:13.24, 2:14.72, 2:17.78, 2:20.99, 2:24.35, 2:27.87, 2:31.56, 2:41.67, 2:41.67
8:6, 2:1.50, 195, 1:50.45, 1:55.71, 1:59.12, 2:1.50, 2:2.73, 2:3.98, 2:5.26, 2:6.56, 2:7.89, 2:9.26, 2:10.65, 2:12.07, 2:13.52, 2:15.00, 2:18.07, 2:21.28, 2:24.64, 2:28.17, 2:31.88, 2:42.00, 2:42.00
8:7, 2:1.75, 193, 1:50.68, 1:55.95, 1:59.36, 2:1.75, 2:2.98, 2:4.23, 2:5.52, 2:6.82, 2:8.16, 2:9.52, 2:10.91, 2:12.34, 2:13.79, 2:15.28, 2:18.35, 2:21.57, 2:24.94, 2:28.48, 2:32.19, 2:42.33, 2:42.33
8:8, 2:2.00, 192, 1:50.91, 1:56.19, 1:59.61, 2:2.00, 2:3.23, 2:4.49, 2:5.77, 2:7.08, 2:8.42, 2:9.79, 2:11.18, 2:12.61, 2:14.07, 2:15.56, 2:18.64, 2:21.86, 2:25.24, 2:28.78, 2:32.50, 2:42.67, 2:42.67
8:9, 2:2.25, 191, 1:51.14, 1:56.43, 1:59.85, 2:2.25, 2:3.48, 2:4.74, 2:6.03, 2:7.34, 2:8.68, 2:10.05, 2:11.45, 2:12.88, 2:14.34, 2:15.83, 2:18.92, 2:22.15, 2:25.54, 2:29.09, 2:32.81, 2:43.00, 2:43.00
8:10, 2:2.50, 190, 1:51.36, 1:56.67, 2:0.10, 2:2.50, 2:3.74, 2:5.00, 2:6.29, 2:7.60, 2:8.95, 2:10.32, 2:11.72, 2:13.15, 2:14.62, 2:16.11, 2:19.20, 2:22.44, 2:25.83, 2:29.39, 2:33.12, 2:43.33, 2:43.33
8:11, 2:2.75, 189, 1:51.59, 1:56.90, 2:0.34, 2:2.75, 2:3.99, 2:5.26, 2:6.55, 2:7.86, 2:9.21, 2:10.59, 2:11.99, 2:13.42, 2:14.89, 2:16.39, 2:19.49, 2:22.73, 2:26.13, 2:29.70, 2:33.44, 2:43.67, 2:43.67
8:12, 2:3.00, 188, 1:51.82, 1:57.14, 2:0.59, 2:3.00, 2:4.24, 2:5.51, 2:6.80, 2:8.12, 2:9.47, 2:10.85, 2:12.26, 2:13.70, 2:15.16, 2:16.67, 2:19.77, 2:23.02, 2:26.43, 2:30.00, 2:33.75, 2:44.00, 2:44.00
8:13, 2:3.25, 186, 1:52.05, 1:57.38, 2:0.83, 2:3.25, 2:4.49, 2:5.77, 2:7.06, 2:8.39, 2:9.74, 2:11.12, 2:12.53, 2:13.97, 2:15.44, 2:16.94, 2:20.06, 2:23.31, 2:26.73, 2:30.30, 2:34.06, 2:44.33, 2:44.33
8:14, 2:3.50, 185, 1:52.27, 1:57.62, 2:1.08, 2:3.50, 2:4.75, 2:6.02, 2:7.32, 2:8.65, 2:10.00, 2:11.38, 2:12.80, 2:14.24, 2:15.71, 2:17.22, 2:20.34, 2:23.60, 2:27.02, 2:30.61, 2:34.38, 2:44.67, 2:44.67
8:15, 2:3.75, 184, 1:52.50, 1:57.86, 2:1.32, 2:3.75, 2:5.00, 2:6.28, 2:7.58, 2:8.91, 2:10.26, 2:11.65, 2:13.06, 2:14.51, 2:15.99, 2:17.50, 2:20.62, 2:23.90, 2:27.32, 2:30.91, 2:34.69, 2:45.00, 2:45.00
8:16, 2:4.00, 183, 1:52.73, 1:58.10, 2:1.57, 2:4.00, 2:5.25, 2:6.53, 2:7.84, 2:9.17, 2:10.53, 2:11.91, 2:13.33, 2:14.78, 2:16.26, 2:17.78, 2:20.91, 2:24.19, 2:27.62, 2:31.22, 2:35.00, 2:45.33, 2:45.33
8:17, 2:4.25, 182, 1:52.95, 1:58.33, 2:1.81, 2:4.25, 2:5.51, 2:6.79, 2:8.09, 2:9.43, 2:10.79, 2:12.18, 2:13.60, 2:15.05, 2:16.54, 2:18.06, 2:21.19, 2:24.48, 2:27.92, 2:31.52, 2:35.31, 2:45.67, 2:45.67
8:18, 2:4.50, 181, 1:53.18, 1:58.57, 2:2.06, 2:4.50, 2:5.76, 2:7.04, 2:8.35, 2:9.69, 2:11.05, 2:12.45, 2:13.87, 2:15.33, 2:16.81, 2:18.33, 2:21.48, 2:24.77, 2:28.21, 2:31.83, 2:35.62, 2:46.00, 2:46.00
8:19, 2:4.75, 180, 1:53.41, 1:58.81, 2:2.30, 2:4.75, 2:6.01, 2:7.30, 2:8.61, 2:9.95, 2:11.32, 2:12.71, 2:14.14, 2:15.60, 2:17.09, 2:18.61, 2:21.76, 2:25.06, 2:28.51, 2:32.13, 2:35.94, 2:46.33, 2:46.33
8:20, 2:5.00, 179, 1:53.64, 1:59.05, 2:2.55, 2:5.00, 2:6.26, 2:7.55, 2:8.87, 2:10.21, 2:11.58, 2:12.98, 2:14.41, 2:15.87, 2:17.36, 2:18.89, 2:22.05, 2:25.35, 2:28.81, 2:32.44, 2:36.25, 2:46.67, 2:46.67
